<?xml version="1.0" encoding="UTF-8" standalone="yes"?>
<addon id="repository.eco" name="repository Eco" version="0.1" provider-name="eco-plus">
	<extension point="xbmc.addon.repository" name="repository Eco">
		<info compressed="false">https://raw.githubusercontent.com/eco-plus/arte/master/addons.xml</info>
		<checksum>https://raw.githubusercontent.com/eco-plus/arte/master/addons.xml-md5</checksum>
		<datadir zip="true">https://raw.githubusercontent.com/eco-plus/arte/master</datadir>
	</extension>
	<extension point="xbmc.addon.metadata">
		<summary>Eco repo</summary>
		<description>Eco repo</description>
		<disclaimer>The owners and submitters to this repository do not host or distribute any of the content displayed by these addons nor do they have any affiliation with the content providers.</disclaimer>
		<platform>all</platform>
	</extension>
</addon>
